{
  "lineLength": 350,
  "endOfRecord": "0D0A",
  "sourceName": "claim_network_id_cd",
  "hasTrailer": true,
  "hasHeader": true,
  "fixedLengthFields": [
    {
      "fieldIsRequired": false,
      "sourceName": "claim_network_id_cd",
      "startPosition": 1,
      "fieldIndex": 1,
      "fieldName": "claim_network_id",
      "fieldType": "String",
      "fieldIsKeyPart": false,
      "fieldLength": 12
    },
    {
      "fieldIsRequired": false,
      "sourceName": "claim_network_id_cd",
      "startPosition": 13,
      "fieldIndex": 2,
      "fieldName": "claim_network_id_desc",
      "fieldType": "String",
      "fieldIsKeyPart": false,
      "fieldLength": 337
    },
    {
      "fieldIsRequired": false,
      "sourceName": "claim_network_id_cd",
      "startPosition": 350,
      "fieldIndex": 3,
      "fieldName": "record_type",
      "fieldType": "String",
      "fieldIsKeyPart": false,
      "fieldLength": 1
    }
  ]
}