{
  "lineLength": 968,
  "endOfRecord": "0D0A",
  "sourceName": "claim",
  "hasTrailer": true,
  "hasHeader": true,
  "fixedLengthFields": [
    {
      "fieldIsRequired": false,
      "sourceName": "claim",
      "startPosition": 1,
      "fieldIndex": 1,
      "fieldName": "adjustment_type_code",
      "fieldType": "String",
      "fieldIsKeyPart": false,
      "fieldLength": 1
    },
    {
      "fieldIsRequired": false,
      "sourceName": "claim",
      "startPosition": 2,
      "fieldIndex": 2,
      "fieldName": "admit_source_code",
      "fieldType": "String",
      "fieldIsKeyPart": false,
      "fieldLength": 1
    },
    {
      "fieldIsRequired": false,
      "sourceName": "claim",
      "startPosition": 3,
      "fieldIndex": 3,
      "fieldName": "admit_type_code",
      "fieldType": "Double",
      "fieldIsKeyPart": false,
      "fieldLength": 1
    },
    {
      "fieldIsRequired": false,
      "sourceName": "claim",
      "startPosition": 4,
      "fieldIndex": 4,
      "fieldName": "allowed_amount",
      "fieldType": "Decimal",
      "fieldIsKeyPart": false,
      "fieldLength": 10
    },
    {
      "fieldIsRequired": false,
      "sourceName": "claim",
      "startPosition": 14,
      "fieldIndex": 5,
      "fieldName": "bill_type_code",
      "fieldType": "String",
      "fieldIsKeyPart": false,
      "fieldLength": 4
    },
    {
      "fieldIsRequired": false,
      "sourceName": "claim",
      "startPosition": 18,
      "fieldIndex": 6,
      "fieldName": "capitated_service_indicator",
      "fieldType": "String",
      "fieldIsKeyPart": false,
      "fieldLength": 1
    },
    {
      "fieldIsRequired": false,
      "sourceName": "claim",
      "startPosition": 19,
      "fieldIndex": 7,
      "fieldName": "charge_submitted",
      "fieldType": "Decimal",
      "fieldIsKeyPart": false,
      "fieldLength": 10
    },
    {
      "fieldIsRequired": false,
      "sourceName": "claim",
      "startPosition": 29,
      "fieldIndex": 8,
      "fieldName": "claim_id",
      "fieldType": "String",
      "fieldIsKeyPart": false,
      "fieldLength": 15
    },
    {
      "fieldIsRequired": false,
      "sourceName": "claim",
      "startPosition": 44,
      "fieldIndex": 9,
      "fieldName": "claim_type_code",
      "fieldType": "String",
      "fieldIsKeyPart": false,
      "fieldLength": 2
    },
    {
      "fieldIsRequired": false,
      "sourceName": "claim",
      "startPosition": 46,
      "fieldIndex": 10,
      "fieldName": "coinsurance",
      "fieldType": "Decimal",
      "fieldIsKeyPart": false,
      "fieldLength": 10
    },
    {
      "fieldIsRequired": false,
      "sourceName": "claim",
      "startPosition": 56,
      "fieldIndex": 11,
      "fieldName": "copayment",
      "fieldType": "Decimal",
      "fieldIsKeyPart": false,
      "fieldLength": 10
    },
    {
      "fieldIsRequired": false,
      "sourceName": "claim",
      "startPosition": 66,
      "fieldIndex": 12,
      "fieldName": "date_of_birth",
      "fieldType": "DateTime",
      "fieldIsKeyPart": false,
      "fieldLength": 10
    },
    {
      "fieldIsRequired": false,
      "sourceName": "claim",
      "startPosition": 76,
      "fieldIndex": 13,
      "fieldName": "date_of_first_service",
      "fieldType": "DateTime",
      "fieldIsKeyPart": false,
      "fieldLength": 10
    },
    {
      "fieldIsRequired": false,
      "sourceName": "claim",
      "startPosition": 86,
      "fieldIndex": 14,
      "fieldName": "date_of_last_service",
      "fieldType": "DateTime",
      "fieldIsKeyPart": false,
      "fieldLength": 10
    },
    {
      "fieldIsRequired": false,
      "sourceName": "claim",
      "startPosition": 96,
      "fieldIndex": 15,
      "fieldName": "date_of_service_facility_detail",
      "fieldType": "DateTime",
      "fieldIsKeyPart": false,
      "fieldLength": 10
    },
    {
      "fieldIsRequired": false,
      "sourceName": "claim",
      "startPosition": 106,
      "fieldIndex": 16,
      "fieldName": "date_paid",
      "fieldType": "DateTime",
      "fieldIsKeyPart": false,
      "fieldLength": 10
    },
    {
      "fieldIsRequired": false,
      "sourceName": "claim",
      "startPosition": 116,
      "fieldIndex": 17,
      "fieldName": "days",
      "fieldType": "Double",
      "fieldIsKeyPart": false,
      "fieldLength": 6
    },
    {
      "fieldIsRequired": false,
      "sourceName": "claim",
      "startPosition": 122,
      "fieldIndex": 18,
      "fieldName": "deductible",
      "fieldType": "Decimal",
      "fieldIsKeyPart": false,
      "fieldLength": 10
    },
    {
      "fieldIsRequired": false,
      "sourceName": "claim",
      "startPosition": 132,
      "fieldIndex": 19,
      "fieldName": "diagnosis_code_principal",
      "fieldType": "String",
      "fieldIsKeyPart": false,
      "fieldLength": 8
    },
    {
      "fieldIsRequired": false,
      "sourceName": "claim",
      "startPosition": 140,
      "fieldIndex": 20,
      "fieldName": "diagnosis_code_2",
      "fieldType": "String",
      "fieldIsKeyPart": false,
      "fieldLength": 8
    },
    {
      "fieldIsRequired": false,
      "sourceName": "claim",
      "startPosition": 148,
      "fieldIndex": 21,
      "fieldName": "diagnosis_code_3",
      "fieldType": "String",
      "fieldIsKeyPart": false,
      "fieldLength": 8
    },
    {
      "fieldIsRequired": false,
      "sourceName": "claim",
      "startPosition": 156,
      "fieldIndex": 22,
      "fieldName": "diagnosis_code_4",
      "fieldType": "String",
      "fieldIsKeyPart": false,
      "fieldLength": 8
    },
    {
      "fieldIsRequired": false,
      "sourceName": "claim",
      "startPosition": 164,
      "fieldIndex": 23,
      "fieldName": "diagnosis_code_5",
      "fieldType": "String",
      "fieldIsKeyPart": false,
      "fieldLength": 8
    },
    {
      "fieldIsRequired": false,
      "sourceName": "claim",
      "startPosition": 172,
      "fieldIndex": 24,
      "fieldName": "diagnosis_code_6",
      "fieldType": "String",
      "fieldIsKeyPart": false,
      "fieldLength": 8
    },
    {
      "fieldIsRequired": false,
      "sourceName": "claim",
      "startPosition": 180,
      "fieldIndex": 25,
      "fieldName": "diagnosis_code_7",
      "fieldType": "String",
      "fieldIsKeyPart": false,
      "fieldLength": 8
    },
    {
      "fieldIsRequired": false,
      "sourceName": "claim",
      "startPosition": 188,
      "fieldIndex": 26,
      "fieldName": "diagnosis_code_8",
      "fieldType": "String",
      "fieldIsKeyPart": false,
      "fieldLength": 8
    },
    {
      "fieldIsRequired": false,
      "sourceName": "claim",
      "startPosition": 196,
      "fieldIndex": 27,
      "fieldName": "diagnosis_code_9",
      "fieldType": "String",
      "fieldIsKeyPart": false,
      "fieldLength": 8
    },
    {
      "fieldIsRequired": false,
      "sourceName": "claim",
      "startPosition": 204,
      "fieldIndex": 28,
      "fieldName": "diagnosis_code_10",
      "fieldType": "String",
      "fieldIsKeyPart": false,
      "fieldLength": 8
    },
    {
      "fieldIsRequired": false,
      "sourceName": "claim",
      "startPosition": 212,
      "fieldIndex": 29,
      "fieldName": "diagnosis_code_11",
      "fieldType": "String",
      "fieldIsKeyPart": false,
      "fieldLength": 8
    },
    {
      "fieldIsRequired": false,
      "sourceName": "claim",
      "startPosition": 220,
      "fieldIndex": 30,
      "fieldName": "diagnosis_code_12",
      "fieldType": "String",
      "fieldIsKeyPart": false,
      "fieldLength": 8
    },
    {
      "fieldIsRequired": false,
      "sourceName": "claim",
      "startPosition": 228,
      "fieldIndex": 31,
      "fieldName": "diagnosis_code_13",
      "fieldType": "String",
      "fieldIsKeyPart": false,
      "fieldLength": 8
    },
    {
      "fieldIsRequired": false,
      "sourceName": "claim",
      "startPosition": 236,
      "fieldIndex": 32,
      "fieldName": "diagnosis_code_14",
      "fieldType": "String",
      "fieldIsKeyPart": false,
      "fieldLength": 8
    },
    {
      "fieldIsRequired": false,
      "sourceName": "claim",
      "startPosition": 244,
      "fieldIndex": 33,
      "fieldName": "diagnosis_code_15",
      "fieldType": "String",
      "fieldIsKeyPart": false,
      "fieldLength": 8
    },
    {
      "fieldIsRequired": false,
      "sourceName": "claim",
      "startPosition": 252,
      "fieldIndex": 34,
      "fieldName": "diagnosis_code_16",
      "fieldType": "String",
      "fieldIsKeyPart": false,
      "fieldLength": 8
    },
    {
      "fieldIsRequired": false,
      "sourceName": "claim",
      "startPosition": 260,
      "fieldIndex": 35,
      "fieldName": "diagnosis_code_17",
      "fieldType": "String",
      "fieldIsKeyPart": false,
      "fieldLength": 8
    },
    {
      "fieldIsRequired": false,
      "sourceName": "claim",
      "startPosition": 268,
      "fieldIndex": 36,
      "fieldName": "diagnosis_code_18",
      "fieldType": "String",
      "fieldIsKeyPart": false,
      "fieldLength": 8
    },
    {
      "fieldIsRequired": false,
      "sourceName": "claim",
      "startPosition": 276,
      "fieldIndex": 37,
      "fieldName": "diagnosis_code_19",
      "fieldType": "String",
      "fieldIsKeyPart": false,
      "fieldLength": 8
    },
    {
      "fieldIsRequired": false,
      "sourceName": "claim",
      "startPosition": 284,
      "fieldIndex": 38,
      "fieldName": "diagnosis_code_20",
      "fieldType": "String",
      "fieldIsKeyPart": false,
      "fieldLength": 8
    },
    {
      "fieldIsRequired": false,
      "sourceName": "claim",
      "startPosition": 292,
      "fieldIndex": 39,
      "fieldName": "diagnosis_code_21",
      "fieldType": "String",
      "fieldIsKeyPart": false,
      "fieldLength": 8
    },
    {
      "fieldIsRequired": false,
      "sourceName": "claim",
      "startPosition": 300,
      "fieldIndex": 40,
      "fieldName": "diagnosis_code_22",
      "fieldType": "String",
      "fieldIsKeyPart": false,
      "fieldLength": 8
    },
    {
      "fieldIsRequired": false,
      "sourceName": "claim",
      "startPosition": 308,
      "fieldIndex": 41,
      "fieldName": "diagnosis_code_23",
      "fieldType": "String",
      "fieldIsKeyPart": false,
      "fieldLength": 8
    },
    {
      "fieldIsRequired": false,
      "sourceName": "claim",
      "startPosition": 316,
      "fieldIndex": 42,
      "fieldName": "diagnosis_code_24",
      "fieldType": "String",
      "fieldIsKeyPart": false,
      "fieldLength": 8
    },
    {
      "fieldIsRequired": false,
      "sourceName": "claim",
      "startPosition": 324,
      "fieldIndex": 43,
      "fieldName": "diagnosis_code_25",
      "fieldType": "String",
      "fieldIsKeyPart": false,
      "fieldLength": 8
    },
    {
      "fieldIsRequired": false,
      "sourceName": "claim",
      "startPosition": 332,
      "fieldIndex": 44,
      "fieldName": "discharge_status_code",
      "fieldType": "String",
      "fieldIsKeyPart": false,
      "fieldLength": 2
    },
    {
      "fieldIsRequired": false,
      "sourceName": "claim",
      "startPosition": 334,
      "fieldIndex": 45,
      "fieldName": "family_id",
      "fieldType": "String",
      "fieldIsKeyPart": false,
      "fieldLength": 17
    },
    {
      "fieldIsRequired": false,
      "sourceName": "claim",
      "startPosition": 351,
      "fieldIndex": 46,
      "fieldName": "person_id",
      "fieldType": "String",
      "fieldIsKeyPart": false,
      "fieldLength": 28
    },
    {
      "fieldIsRequired": false,
      "sourceName": "claim",
      "startPosition": 379,
      "fieldIndex": 47,
      "fieldName": "gender_cd",
      "fieldType": "String",
      "fieldIsKeyPart": false,
      "fieldLength": 1
    },
    {
      "fieldIsRequired": false,
      "sourceName": "claim",
      "startPosition": 380,
      "fieldIndex": 48,
      "fieldName": "line_Double",
      "fieldType": "Double",
      "fieldIsKeyPart": false,
      "fieldLength": 4
    },
    {
      "fieldIsRequired": false,
      "sourceName": "claim",
      "startPosition": 384,
      "fieldIndex": 49,
      "fieldName": "net_payment",
      "fieldType": "String",
      "fieldIsKeyPart": false,
      "fieldLength": 10
    },
    {
      "fieldIsRequired": false,
      "sourceName": "claim",
      "startPosition": 394,
      "fieldIndex": 50,
      "fieldName": "network_paid_indicator",
      "fieldType": "String",
      "fieldIsKeyPart": false,
      "fieldLength": 1
    },
    {
      "fieldIsRequired": false,
      "sourceName": "claim",
      "startPosition": 395,
      "fieldIndex": 51,
      "fieldName": "network_provider_indicator",
      "fieldType": "String",
      "fieldIsKeyPart": false,
      "fieldLength": 1
    },
    {
      "fieldIsRequired": false,
      "sourceName": "claim",
      "startPosition": 396,
      "fieldIndex": 52,
      "fieldName": "ordering_provider_id",
      "fieldType": "String",
      "fieldIsKeyPart": false,
      "fieldLength": 20
    },
    {
      "fieldIsRequired": false,
      "sourceName": "claim",
      "startPosition": 416,
      "fieldIndex": 53,
      "fieldName": "ordering_provider_name",
      "fieldType": "String",
      "fieldIsKeyPart": false,
      "fieldLength": 55
    },
    {
      "fieldIsRequired": false,
      "sourceName": "claim",
      "startPosition": 471,
      "fieldIndex": 54,
      "fieldName": "ordering_provider_zip_code",
      "fieldType": "Double",
      "fieldIsKeyPart": false,
      "fieldLength": 5
    },
    {
      "fieldIsRequired": false,
      "sourceName": "claim",
      "startPosition": 476,
      "fieldIndex": 55,
      "fieldName": "pcp_responsibility_indicator",
      "fieldType": "String",
      "fieldIsKeyPart": false,
      "fieldLength": 1
    },
    {
      "fieldIsRequired": false,
      "sourceName": "claim",
      "startPosition": 477,
      "fieldIndex": 56,
      "fieldName": "place_of_service_code",
      "fieldType": "String",
      "fieldIsKeyPart": false,
      "fieldLength": 2
    },
    {
      "fieldIsRequired": false,
      "sourceName": "claim",
      "startPosition": 479,
      "fieldIndex": 57,
      "fieldName": "procedure_code",
      "fieldType": "String",
      "fieldIsKeyPart": false,
      "fieldLength": 7
    },
    {
      "fieldIsRequired": false,
      "sourceName": "claim",
      "startPosition": 486,
      "fieldIndex": 58,
      "fieldName": "procedure_code_ub_surg_1",
      "fieldType": "String",
      "fieldIsKeyPart": false,
      "fieldLength": 7
    },
    {
      "fieldIsRequired": false,
      "sourceName": "claim",
      "startPosition": 497,
      "fieldIndex": 59,
      "fieldName": "procedure_code_ub_surg_2",
      "fieldType": "String",
      "fieldIsKeyPart": false,
      "fieldLength": 7
    },
    {
      "fieldIsRequired": false,
      "sourceName": "claim",
      "startPosition": 498,
      "fieldIndex": 60,
      "fieldName": "procedure_code_ub_surg_3",
      "fieldType": "String",
      "fieldIsKeyPart": false,
      "fieldLength": 7
    },
    {
      "fieldIsRequired": false,
      "sourceName": "claim",
      "startPosition": 507,
      "fieldIndex": 61,
      "fieldName": "procedure_code_ub_surg_4",
      "fieldType": "String",
      "fieldIsKeyPart": false,
      "fieldLength": 7
    },
    {
      "fieldIsRequired": false,
      "sourceName": "claim",
      "startPosition": 514,
      "fieldIndex": 62,
      "fieldName": "procedure_code_ub_surg_5",
      "fieldType": "String",
      "fieldIsKeyPart": false,
      "fieldLength": 7
    },
    {
      "fieldIsRequired": false,
      "sourceName": "claim",
      "startPosition": 521,
      "fieldIndex": 63,
      "fieldName": "procedure_code_ub_surg_6",
      "fieldType": "String",
      "fieldIsKeyPart": false,
      "fieldLength": 7
    },
    {
      "fieldIsRequired": false,
      "sourceName": "claim",
      "startPosition": 528,
      "fieldIndex": 64,
      "fieldName": "procedure_code_ub_surg_7",
      "fieldType": "String",
      "fieldIsKeyPart": false,
      "fieldLength": 7
    },
    {
      "fieldIsRequired": false,
      "sourceName": "claim",
      "startPosition": 535,
      "fieldIndex": 65,
      "fieldName": "procedure_code_ub_surg_8",
      "fieldType": "String",
      "fieldIsKeyPart": false,
      "fieldLength": 7
    },
    {
      "fieldIsRequired": false,
      "sourceName": "claim",
      "startPosition": 542,
      "fieldIndex": 66,
      "fieldName": "procedure_code_ub_surg_9",
      "fieldType": "String",
      "fieldIsKeyPart": false,
      "fieldLength": 7
    },
    {
      "fieldIsRequired": false,
      "sourceName": "claim",
      "startPosition": 549,
      "fieldIndex": 67,
      "fieldName": "procedure_code_ub_surg_10",
      "fieldType": "String",
      "fieldIsKeyPart": false,
      "fieldLength": 7
    },
    {
      "fieldIsRequired": false,
      "sourceName": "claim",
      "startPosition": 556,
      "fieldIndex": 68,
      "fieldName": "procedure_code_ub_surg_11",
      "fieldType": "String",
      "fieldIsKeyPart": false,
      "fieldLength": 7
    },
    {
      "fieldIsRequired": false,
      "sourceName": "claim",
      "startPosition": 563,
      "fieldIndex": 69,
      "fieldName": "procedure_code_ub_surg_12",
      "fieldType": "String",
      "fieldIsKeyPart": false,
      "fieldLength": 7
    },
    {
      "fieldIsRequired": false,
      "sourceName": "claim",
      "startPosition": 570,
      "fieldIndex": 70,
      "fieldName": "procedure_code_ub_surg_13",
      "fieldType": "String",
      "fieldIsKeyPart": false,
      "fieldLength": 7
    },
    {
      "fieldIsRequired": false,
      "sourceName": "claim",
      "startPosition": 577,
      "fieldIndex": 71,
      "fieldName": "procedure_code_ub_surg_14",
      "fieldType": "String",
      "fieldIsKeyPart": false,
      "fieldLength": 7
    },
    {
      "fieldIsRequired": false,
      "sourceName": "claim",
      "startPosition": 584,
      "fieldIndex": 72,
      "fieldName": "procedure_code_ub_surg_15",
      "fieldType": "String",
      "fieldIsKeyPart": false,
      "fieldLength": 7
    },
    {
      "fieldIsRequired": false,
      "sourceName": "claim",
      "startPosition": 591,
      "fieldIndex": 73,
      "fieldName": "procedure_code_ub_surg_16",
      "fieldType": "String",
      "fieldIsKeyPart": false,
      "fieldLength": 7
    },
    {
      "fieldIsRequired": false,
      "sourceName": "claim",
      "startPosition": 598,
      "fieldIndex": 74,
      "fieldName": "procedure_code_ub_surg_17",
      "fieldType": "String",
      "fieldIsKeyPart": false,
      "fieldLength": 7
    },
    {
      "fieldIsRequired": false,
      "sourceName": "claim",
      "startPosition": 605,
      "fieldIndex": 75,
      "fieldName": "procedure_code_ub_surg_18",
      "fieldType": "String",
      "fieldIsKeyPart": false,
      "fieldLength": 7
    },
    {
      "fieldIsRequired": false,
      "sourceName": "claim",
      "startPosition": 612,
      "fieldIndex": 76,
      "fieldName": "procedure_code_ub_surg_19",
      "fieldType": "String",
      "fieldIsKeyPart": false,
      "fieldLength": 7
    },
    {
      "fieldIsRequired": false,
      "sourceName": "claim",
      "startPosition": 619,
      "fieldIndex": 77,
      "fieldName": "procedure_code_ub_surg_20",
      "fieldType": "String",
      "fieldIsKeyPart": false,
      "fieldLength": 7
    },
    {
      "fieldIsRequired": false,
      "sourceName": "claim",
      "startPosition": 626,
      "fieldIndex": 78,
      "fieldName": "procedure_code_ub_surg_21",
      "fieldType": "String",
      "fieldIsKeyPart": false,
      "fieldLength": 7
    },
    {
      "fieldIsRequired": false,
      "sourceName": "claim",
      "startPosition": 633,
      "fieldIndex": 79,
      "fieldName": "procedure_code_ub_surg_22",
      "fieldType": "String",
      "fieldIsKeyPart": false,
      "fieldLength": 7
    },
    {
      "fieldIsRequired": false,
      "sourceName": "claim",
      "startPosition": 640,
      "fieldIndex": 80,
      "fieldName": "procedure_code_ub_surg_23",
      "fieldType": "String",
      "fieldIsKeyPart": false,
      "fieldLength": 7
    },
    {
      "fieldIsRequired": false,
      "sourceName": "claim",
      "startPosition": 647,
      "fieldIndex": 81,
      "fieldName": "procedure_code_ub_surg_24",
      "fieldType": "String",
      "fieldIsKeyPart": false,
      "fieldLength": 7
    },
    {
      "fieldIsRequired": false,
      "sourceName": "claim",
      "startPosition": 654,
      "fieldIndex": 82,
      "fieldName": "procedure_code_ub_surg_25",
      "fieldType": "String",
      "fieldIsKeyPart": false,
      "fieldLength": 7
    },
    {
      "fieldIsRequired": false,
      "sourceName": "claim",
      "startPosition": 661,
      "fieldIndex": 83,
      "fieldName": "procedure_modifier_code_1",
      "fieldType": "String",
      "fieldIsKeyPart": false,
      "fieldLength": 2
    },
    {
      "fieldIsRequired": false,
      "sourceName": "claim",
      "startPosition": 663,
      "fieldIndex": 84,
      "fieldName": "procedure_modifier_code_2",
      "fieldType": "String",
      "fieldIsKeyPart": false,
      "fieldLength": 2
    },
    {
      "fieldIsRequired": false,
      "sourceName": "claim",
      "startPosition": 665,
      "fieldIndex": 85,
      "fieldName": "procedure_modifier_code_3",
      "fieldType": "String",
      "fieldIsKeyPart": false,
      "fieldLength": 2
    },
    {
      "fieldIsRequired": false,
      "sourceName": "claim",
      "startPosition": 667,
      "fieldIndex": 86,
      "fieldName": "procedure_modifier_code_4",
      "fieldType": "String",
      "fieldIsKeyPart": false,
      "fieldLength": 2
    },
    {
      "fieldIsRequired": false,
      "sourceName": "claim",
      "startPosition": 669,
      "fieldIndex": 87,
      "fieldName": "provider_id",
      "fieldType": "String",
      "fieldIsKeyPart": false,
      "fieldLength": 20
    },
    {
      "fieldIsRequired": false,
      "sourceName": "claim",
      "startPosition": 689,
      "fieldIndex": 88,
      "fieldName": "provider_name",
      "fieldType": "String",
      "fieldIsKeyPart": false,
      "fieldLength": 55
    },
    {
      "fieldIsRequired": false,
      "sourceName": "claim",
      "startPosition": 744,
      "fieldIndex": 89,
      "fieldName": "tin",
      "fieldType": "String",
      "fieldIsKeyPart": false,
      "fieldLength": 9
    },
    {
      "fieldIsRequired": false,
      "sourceName": "claim",
      "startPosition": 753,
      "fieldIndex": 90,
      "fieldName": "provider_type_code_claim",
      "fieldType": "String",
      "fieldIsKeyPart": false,
      "fieldLength": 3
    },
    {
      "fieldIsRequired": false,
      "sourceName": "claim",
      "startPosition": 756,
      "fieldIndex": 91,
      "fieldName": "provider_zip_code",
      "fieldType": "String",
      "fieldIsKeyPart": false,
      "fieldLength": 5
    },
    {
      "fieldIsRequired": false,
      "sourceName": "claim",
      "startPosition": 761,
      "fieldIndex": 92,
      "fieldName": "referral_indicator",
      "fieldType": "String",
      "fieldIsKeyPart": false,
      "fieldLength": 1
    },
    {
      "fieldIsRequired": false,
      "sourceName": "claim",
      "startPosition": 762,
      "fieldIndex": 93,
      "fieldName": "referral_type_code",
      "fieldType": "String",
      "fieldIsKeyPart": false,
      "fieldLength": 1
    },
    {
      "fieldIsRequired": false,
      "sourceName": "claim",
      "startPosition": 763,
      "fieldIndex": 94,
      "fieldName": "revenue_code_ub",
      "fieldType": "String",
      "fieldIsKeyPart": false,
      "fieldLength": 4
    },
    {
      "fieldIsRequired": false,
      "sourceName": "claim",
      "startPosition": 767,
      "fieldIndex": 95,
      "fieldName": "risk_withhold_amount",
      "fieldType": "Decimal",
      "fieldIsKeyPart": false,
      "fieldLength": 10
    },
    {
      "fieldIsRequired": false,
      "sourceName": "claim",
      "startPosition": 777,
      "fieldIndex": 96,
      "fieldName": "third_party_amount",
      "fieldType": "Decimal",
      "fieldIsKeyPart": false,
      "fieldLength": 10
    },
    {
      "fieldIsRequired": false,
      "sourceName": "claim",
      "startPosition": 787,
      "fieldIndex": 97,
      "fieldName": "units_of_service",
      "fieldType": "Double",
      "fieldIsKeyPart": false,
      "fieldLength": 7
    },
    {
      "fieldIsRequired": false,
      "sourceName": "claim",
      "startPosition": 794,
      "fieldIndex": 98,
      "fieldName": "group_id",
      "fieldType": "String",
      "fieldIsKeyPart": false,
      "fieldLength": 10
    },
    {
      "fieldIsRequired": false,
      "sourceName": "claim",
      "startPosition": 804,
      "fieldIndex": 99,
      "fieldName": "provider_npi_Double",
      "fieldType": "String",
      "fieldIsKeyPart": false,
      "fieldLength": 10
    },
    {
      "fieldIsRequired": false,
      "sourceName": "claim",
      "startPosition": 814,
      "fieldIndex": 100,
      "fieldName": "drg_ms_payment_code",
      "fieldType": "Double",
      "fieldIsKeyPart": false,
      "fieldLength": 3
    },
    {
      "fieldIsRequired": false,
      "sourceName": "claim",
      "startPosition": 817,
      "fieldIndex": 101,
      "fieldName": "present_on_admission_principal",
      "fieldType": "String",
      "fieldIsKeyPart": false,
      "fieldLength": 1
    },
    {
      "fieldIsRequired": false,
      "sourceName": "claim",
      "startPosition": 818,
      "fieldIndex": 102,
      "fieldName": "present_on_admission_2",
      "fieldType": "String",
      "fieldIsKeyPart": false,
      "fieldLength": 1
    },
    {
      "fieldIsRequired": false,
      "sourceName": "claim",
      "startPosition": 819,
      "fieldIndex": 103,
      "fieldName": "present_on_admission_3",
      "fieldType": "String",
      "fieldIsKeyPart": false,
      "fieldLength": 1
    },
    {
      "fieldIsRequired": false,
      "sourceName": "claim",
      "startPosition": 820,
      "fieldIndex": 104,
      "fieldName": "present_on_admission_4",
      "fieldType": "String",
      "fieldIsKeyPart": false,
      "fieldLength": 1
    },
    {
      "fieldIsRequired": false,
      "sourceName": "claim",
      "startPosition": 821,
      "fieldIndex": 105,
      "fieldName": "present_on_admission_5",
      "fieldType": "String",
      "fieldIsKeyPart": false,
      "fieldLength": 1
    },
    {
      "fieldIsRequired": false,
      "sourceName": "claim",
      "startPosition": 822,
      "fieldIndex": 106,
      "fieldName": "present_on_admission_6",
      "fieldType": "String",
      "fieldIsKeyPart": false,
      "fieldLength": 1
    },
    {
      "fieldIsRequired": false,
      "sourceName": "claim",
      "startPosition": 823,
      "fieldIndex": 107,
      "fieldName": "present_on_admission_7",
      "fieldType": "String",
      "fieldIsKeyPart": false,
      "fieldLength": 1
    },
    {
      "fieldIsRequired": false,
      "sourceName": "claim",
      "startPosition": 824,
      "fieldIndex": 108,
      "fieldName": "present_on_admission_8",
      "fieldType": "String",
      "fieldIsKeyPart": false,
      "fieldLength": 1
    },
    {
      "fieldIsRequired": false,
      "sourceName": "claim",
      "startPosition": 825,
      "fieldIndex": 109,
      "fieldName": "present_on_admission_9",
      "fieldType": "String",
      "fieldIsKeyPart": false,
      "fieldLength": 1
    },
    {
      "fieldIsRequired": false,
      "sourceName": "claim",
      "startPosition": 826,
      "fieldIndex": 110,
      "fieldName": "present_on_admission_10",
      "fieldType": "String",
      "fieldIsKeyPart": false,
      "fieldLength": 1
    },
    {
      "fieldIsRequired": false,
      "sourceName": "claim",
      "startPosition": 827,
      "fieldIndex": 111,
      "fieldName": "present_on_admission_11",
      "fieldType": "String",
      "fieldIsKeyPart": false,
      "fieldLength": 1
    },
    {
      "fieldIsRequired": false,
      "sourceName": "claim",
      "startPosition": 828,
      "fieldIndex": 112,
      "fieldName": "present_on_admission_12",
      "fieldType": "String",
      "fieldIsKeyPart": false,
      "fieldLength": 1
    },
    {
      "fieldIsRequired": false,
      "sourceName": "claim",
      "startPosition": 829,
      "fieldIndex": 113,
      "fieldName": "present_on_admission_13",
      "fieldType": "String",
      "fieldIsKeyPart": false,
      "fieldLength": 1
    },
    {
      "fieldIsRequired": false,
      "sourceName": "claim",
      "startPosition": 830,
      "fieldIndex": 114,
      "fieldName": "present_on_admission_14",
      "fieldType": "String",
      "fieldIsKeyPart": false,
      "fieldLength": 1
    },
    {
      "fieldIsRequired": false,
      "sourceName": "claim",
      "startPosition": 831,
      "fieldIndex": 115,
      "fieldName": "present_on_admission_15",
      "fieldType": "String",
      "fieldIsKeyPart": false,
      "fieldLength": 1
    },
    {
      "fieldIsRequired": false,
      "sourceName": "claim",
      "startPosition": 832,
      "fieldIndex": 116,
      "fieldName": "present_on_admission_16",
      "fieldType": "String",
      "fieldIsKeyPart": false,
      "fieldLength": 1
    },
    {
      "fieldIsRequired": false,
      "sourceName": "claim",
      "startPosition": 833,
      "fieldIndex": 117,
      "fieldName": "present_on_admission_17",
      "fieldType": "String",
      "fieldIsKeyPart": false,
      "fieldLength": 1
    },
    {
      "fieldIsRequired": false,
      "sourceName": "claim",
      "startPosition": 834,
      "fieldIndex": 118,
      "fieldName": "present_on_admission_18",
      "fieldType": "String",
      "fieldIsKeyPart": false,
      "fieldLength": 1
    },
    {
      "fieldIsRequired": false,
      "sourceName": "claim",
      "startPosition": 835,
      "fieldIndex": 119,
      "fieldName": "present_on_admission_19",
      "fieldType": "String",
      "fieldIsKeyPart": false,
      "fieldLength": 1
    },
    {
      "fieldIsRequired": false,
      "sourceName": "claim",
      "startPosition": 836,
      "fieldIndex": 120,
      "fieldName": "present_on_admission_20",
      "fieldType": "String",
      "fieldIsKeyPart": false,
      "fieldLength": 1
    },
    {
      "fieldIsRequired": false,
      "sourceName": "claim",
      "startPosition": 837,
      "fieldIndex": 121,
      "fieldName": "present_on_admission_21",
      "fieldType": "String",
      "fieldIsKeyPart": false,
      "fieldLength": 1
    },
    {
      "fieldIsRequired": false,
      "sourceName": "claim",
      "startPosition": 838,
      "fieldIndex": 122,
      "fieldName": "present_on_admission_22",
      "fieldType": "String",
      "fieldIsKeyPart": false,
      "fieldLength": 1
    },
    {
      "fieldIsRequired": false,
      "sourceName": "claim",
      "startPosition": 839,
      "fieldIndex": 123,
      "fieldName": "present_on_admission_23",
      "fieldType": "String",
      "fieldIsKeyPart": false,
      "fieldLength": 1
    },
    {
      "fieldIsRequired": false,
      "sourceName": "claim",
      "startPosition": 840,
      "fieldIndex": 124,
      "fieldName": "present_on_admission_24",
      "fieldType": "String",
      "fieldIsKeyPart": false,
      "fieldLength": 1
    },
    {
      "fieldIsRequired": false,
      "sourceName": "claim",
      "startPosition": 841,
      "fieldIndex": 125,
      "fieldName": "present_on_admission_25",
      "fieldType": "String",
      "fieldIsKeyPart": false,
      "fieldLength": 1
    },
    {
      "fieldIsRequired": false,
      "sourceName": "claim",
      "startPosition": 842,
      "fieldIndex": 126,
      "fieldName": "icd_version",
      "fieldType": "String",
      "fieldIsKeyPart": false,
      "fieldLength": 1
    },
    {
      "fieldIsRequired": false,
      "sourceName": "claim",
      "startPosition": 843,
      "fieldIndex": 127,
      "fieldName": "tax_amount",
      "fieldType": "String",
      "fieldIsKeyPart": false,
      "fieldLength": 10
    },
    {
      "fieldIsRequired": false,
      "sourceName": "claim",
      "startPosition": 853,
      "fieldIndex": 128,
      "fieldName": "tax_type_code",
      "fieldType": "String",
      "fieldIsKeyPart": false,
      "fieldLength": 1
    },
    {
      "fieldIsRequired": false,
      "sourceName": "claim",
      "startPosition": 854,
      "fieldIndex": 129,
      "fieldName": "tooth_code",
      "fieldType": "String",
      "fieldIsKeyPart": false,
      "fieldLength": 2
    },
    {
      "fieldIsRequired": false,
      "sourceName": "claim",
      "startPosition": 856,
      "fieldIndex": 130,
      "fieldName": "tooth_surface_code",
      "fieldType": "String",
      "fieldIsKeyPart": false,
      "fieldLength": 6
    },
    {
      "fieldIsRequired": false,
      "sourceName": "claim",
      "startPosition": 862,
      "fieldIndex": 131,
      "fieldName": "days_covered",
      "fieldType": "Double",
      "fieldIsKeyPart": false,
      "fieldLength": 6
    },
    {
      "fieldIsRequired": false,
      "sourceName": "claim",
      "startPosition": 868,
      "fieldIndex": 132,
      "fieldName": "days_not_covered",
      "fieldType": "Double",
      "fieldIsKeyPart": false,
      "fieldLength": 6
    },
    {
      "fieldIsRequired": false,
      "sourceName": "claim",
      "startPosition": 874,
      "fieldIndex": 133,
      "fieldName": "provider_specialty_type_code_1",
      "fieldType": "String",
      "fieldIsKeyPart": false,
      "fieldLength": 8
    },
    {
      "fieldIsRequired": false,
      "sourceName": "claim",
      "startPosition": 882,
      "fieldIndex": 134,
      "fieldName": "provider_specialty_type_code_2",
      "fieldType": "String",
      "fieldIsKeyPart": false,
      "fieldLength": 8
    },
    {
      "fieldIsRequired": false,
      "sourceName": "claim",
      "startPosition": 890,
      "fieldIndex": 135,
      "fieldName": "pre_approved_indicator",
      "fieldType": "String",
      "fieldIsKeyPart": false,
      "fieldLength": 1
    },
    {
      "fieldIsRequired": false,
      "sourceName": "claim",
      "startPosition": 891,
      "fieldIndex": 136,
      "fieldName": "surg_thru_er_flag",
      "fieldType": "String",
      "fieldIsKeyPart": false,
      "fieldLength": 1
    },
    {
      "fieldIsRequired": false,
      "sourceName": "claim",
      "startPosition": 892,
      "fieldIndex": 137,
      "fieldName": "claim_sub_type_code",
      "fieldType": "String",
      "fieldIsKeyPart": false,
      "fieldLength": 1
    },
    {
      "fieldIsRequired": false,
      "sourceName": "claim",
      "startPosition": 893,
      "fieldIndex": 138,
      "fieldName": "tooth_code_range_begin",
      "fieldType": "String",
      "fieldIsKeyPart": false,
      "fieldLength": 2
    },
    {
      "fieldIsRequired": false,
      "sourceName": "claim",
      "startPosition": 895,
      "fieldIndex": 139,
      "fieldName": "tooth_code_range_end",
      "fieldType": "String",
      "fieldIsKeyPart": false,
      "fieldLength": 2
    },
    {
      "fieldIsRequired": false,
      "sourceName": "claim",
      "startPosition": 897,
      "fieldIndex": 140,
      "fieldName": "member_id",
      "fieldType": "String",
      "fieldIsKeyPart": false,
      "fieldLength": 28
    },
    {
      "fieldIsRequired": false,
      "sourceName": "claim",
      "startPosition": 925,
      "fieldIndex": 141,
      "fieldName": "its_indicator",
      "fieldType": "String",
      "fieldIsKeyPart": false,
      "fieldLength": 1
    },
    {
      "fieldIsRequired": false,
      "sourceName": "claim",
      "startPosition": 926,
      "fieldIndex": 142,
      "fieldName": "pre_authorization_id",
      "fieldType": "String",
      "fieldIsKeyPart": false,
      "fieldLength": 9
    },
    {
      "fieldIsRequired": false,
      "sourceName": "claim",
      "startPosition": 935,
      "fieldIndex": 143,
      "fieldName": "network_id",
      "fieldType": "String",
      "fieldIsKeyPart": false,
      "fieldLength": 12
    },
    {
      "fieldIsRequired": false,
      "sourceName": "claim",
      "startPosition": 947,
      "fieldIndex": 144,
      "fieldName": "bcla_clcl_denied_ind",
      "fieldType": "String",
      "fieldIsKeyPart": false,
      "fieldLength": 1
    },
    {
      "fieldIsRequired": false,
      "sourceName": "claim",
      "startPosition": 948,
      "fieldIndex": 145,
      "fieldName": "record_type",
      "fieldType": "String",
      "fieldIsKeyPart": false,
      "fieldLength": 1
    },
    {
      "fieldIsRequired": false,
      "sourceName": "claim",
      "startPosition": 949,
      "fieldIndex": 146,
      "fieldName": "cob_allow",
      "fieldType": "Decimal",
      "fieldIsKeyPart": false,
      "fieldLength": 10
    },
    {
      "fieldIsRequired": false,
      "sourceName": "claim",
      "startPosition": 959,
      "fieldIndex": 147,
      "fieldName": "cob_amount",
      "fieldType": "Decimal",
      "fieldIsKeyPart": false,
      "fieldLength": 10
    }
  ]
}