{
  "lineLength": 838,
  "endOfRecord": "0D0A",
  "sourceName": "eligibility",
  "hasTrailer": true,
  "hasHeader": true,
  "fixedLengthFields": [
    {
      "fieldIsRequired": false,
      "sourceName": "eligibility",
      "startPosition": 1,
      "fieldIndex": 1,
      "fieldName": "cov_ind_dent",
      "fieldType": "String",
      "fieldIsKeyPart": false,
      "fieldLength": 1
    },
    {
      "fieldIsRequired": false,
      "sourceName": "eligibility",
      "startPosition": 2,
      "fieldIndex": 2,
      "fieldName": "cov_ind_drug",
      "fieldType": "String",
      "fieldIsKeyPart": false,
      "fieldLength": 1
    },
    {
      "fieldIsRequired": false,
      "sourceName": "eligibility",
      "startPosition": 3,
      "fieldIndex": 3,
      "fieldName": "cov_ind_hear",
      "fieldType": "String",
      "fieldIsKeyPart": false,
      "fieldLength": 1
    },
    {
      "fieldIsRequired": false,
      "sourceName": "eligibility",
      "startPosition": 4,
      "fieldIndex": 4,
      "fieldName": "cov_ind_medical",
      "fieldType": "String",
      "fieldIsKeyPart": false,
      "fieldLength": 1
    },
    {
      "fieldIsRequired": false,
      "sourceName": "eligibility",
      "startPosition": 5,
      "fieldIndex": 5,
      "fieldName": "cov_ind_mhsa",
      "fieldType": "String",
      "fieldIsKeyPart": false,
      "fieldLength": 1
    },
    {
      "fieldIsRequired": false,
      "sourceName": "eligibility",
      "startPosition": 6,
      "fieldIndex": 6,
      "fieldName": "cov_ind_vis",
      "fieldType": "String",
      "fieldIsKeyPart": false,
      "fieldLength": 1
    },
    {
      "fieldIsRequired": false,
      "sourceName": "eligibility",
      "startPosition": 7,
      "fieldIndex": 7,
      "fieldName": "date_of_birth",
      "fieldType": "DateTime",
      "fieldIsKeyPart": false,
      "fieldLength": 10
    },
    {
      "fieldIsRequired": false,
      "sourceName": "eligibility",
      "startPosition": 17,
      "fieldIndex": 8,
      "fieldName": "snapshot_month",
      "fieldType": "DateTime",
      "fieldIsKeyPart": false,
      "fieldLength": 10
    },
    {
      "fieldIsRequired": false,
      "sourceName": "eligibility",
      "startPosition": 27,
      "fieldIndex": 9,
      "fieldName": "family_id",
      "fieldType": "String",
      "fieldIsKeyPart": false,
      "fieldLength": 17
    },
    {
      "fieldIsRequired": false,
      "sourceName": "eligibility",
      "startPosition": 44,
      "fieldIndex": 10,
      "fieldName": "network_id",
      "fieldType": "String",
      "fieldIsKeyPart": false,
      "fieldLength": 3
    },
    {
      "fieldIsRequired": false,
      "sourceName": "eligibility",
      "startPosition": 47,
      "fieldIndex": 11,
      "fieldName": "gender",
      "fieldType": "String",
      "fieldIsKeyPart": false,
      "fieldLength": 1
    },
    {
      "fieldIsRequired": false,
      "sourceName": "eligibility",
      "startPosition": 48,
      "fieldIndex": 12,
      "fieldName": "medical_plan_key",
      "fieldType": "String",
      "fieldIsKeyPart": false,
      "fieldLength": 28
    },
    {
      "fieldIsRequired": false,
      "sourceName": "eligibility",
      "startPosition": 76,
      "fieldIndex": 13,
      "fieldName": "relationship_cd",
      "fieldType": "String",
      "fieldIsKeyPart": false,
      "fieldLength": 1
    },
    {
      "fieldIsRequired": false,
      "sourceName": "eligibility",
      "startPosition": 77,
      "fieldIndex": 14,
      "fieldName": "zip_cd",
      "fieldType": "String",
      "fieldIsKeyPart": false,
      "fieldLength": 5
    },
    {
      "fieldIsRequired": false,
      "sourceName": "eligibility",
      "startPosition": 82,
      "fieldIndex": 15,
      "fieldName": "date_of_death",
      "fieldType": "DateTime",
      "fieldIsKeyPart": false,
      "fieldLength": 10
    },
    {
      "fieldIsRequired": false,
      "sourceName": "eligibility",
      "startPosition": 92,
      "fieldIndex": 16,
      "fieldName": "group_id",
      "fieldType": "String",
      "fieldIsKeyPart": false,
      "fieldLength": 10
    },
    {
      "fieldIsRequired": false,
      "sourceName": "eligibility",
      "startPosition": 102,
      "fieldIndex": 17,
      "fieldName": "medicare_ind",
      "fieldType": "String",
      "fieldIsKeyPart": false,
      "fieldLength": 1
    },
    {
      "fieldIsRequired": false,
      "sourceName": "eligibility",
      "startPosition": 103,
      "fieldIndex": 18,
      "fieldName": "name_first",
      "fieldType": "String",
      "fieldIsKeyPart": false,
      "fieldLength": 15
    },
    {
      "fieldIsRequired": false,
      "sourceName": "eligibility",
      "startPosition": 118,
      "fieldIndex": 19,
      "fieldName": "name_last",
      "fieldType": "String",
      "fieldIsKeyPart": false,
      "fieldLength": 35
    },
    {
      "fieldIsRequired": false,
      "sourceName": "eligibility",
      "startPosition": 153,
      "fieldIndex": 20,
      "fieldName": "name_mid_init",
      "fieldType": "String",
      "fieldIsKeyPart": false,
      "fieldLength": 1
    },
    {
      "fieldIsRequired": false,
      "sourceName": "eligibility",
      "startPosition": 154,
      "fieldIndex": 21,
      "fieldName": "address",
      "fieldType": "String",
      "fieldIsKeyPart": false,
      "fieldLength": 80
    },
    {
      "fieldIsRequired": false,
      "sourceName": "eligibility",
      "startPosition": 234,
      "fieldIndex": 22,
      "fieldName": "city",
      "fieldType": "String",
      "fieldIsKeyPart": false,
      "fieldLength": 19
    },
    {
      "fieldIsRequired": false,
      "sourceName": "eligibility",
      "startPosition": 253,
      "fieldIndex": 23,
      "fieldName": "cov_ind_mh_amb",
      "fieldType": "String",
      "fieldIsKeyPart": false,
      "fieldLength": 1
    },
    {
      "fieldIsRequired": false,
      "sourceName": "eligibility",
      "startPosition": 254,
      "fieldIndex": 24,
      "fieldName": "cov_ind_mh_day_night",
      "fieldType": "String",
      "fieldIsKeyPart": false,
      "fieldLength": 1
    },
    {
      "fieldIsRequired": false,
      "sourceName": "eligibility",
      "startPosition": 255,
      "fieldIndex": 25,
      "fieldName": "cov_ind_mh_inpat",
      "fieldType": "String",
      "fieldIsKeyPart": false,
      "fieldLength": 1
    },
    {
      "fieldIsRequired": false,
      "sourceName": "eligibility",
      "startPosition": 256,
      "fieldIndex": 26,
      "fieldName": "cov_ind_sa_amb",
      "fieldType": "String",
      "fieldIsKeyPart": false,
      "fieldLength": 1
    },
    {
      "fieldIsRequired": false,
      "sourceName": "eligibility",
      "startPosition": 257,
      "fieldIndex": 27,
      "fieldName": "cov_ind_sa_day_night",
      "fieldType": "String",
      "fieldIsKeyPart": false,
      "fieldLength": 1
    },
    {
      "fieldIsRequired": false,
      "sourceName": "eligibility",
      "startPosition": 258,
      "fieldIndex": 28,
      "fieldName": "cov_ind_sa_inpat",
      "fieldType": "String",
      "fieldIsKeyPart": false,
      "fieldLength": 1
    },
    {
      "fieldIsRequired": false,
      "sourceName": "eligibility",
      "startPosition": 259,
      "fieldIndex": 29,
      "fieldName": "medicare_id",
      "fieldType": "String",
      "fieldIsKeyPart": false,
      "fieldLength": 13
    },
    {
      "fieldIsRequired": false,
      "sourceName": "eligibility",
      "startPosition": 272,
      "fieldIndex": 30,
      "fieldName": "payer_cd",
      "fieldType": "String",
      "fieldIsKeyPart": false,
      "fieldLength": 5
    },
    {
      "fieldIsRequired": false,
      "sourceName": "eligibility",
      "startPosition": 277,
      "fieldIndex": 31,
      "fieldName": "product_type",
      "fieldType": "String",
      "fieldIsKeyPart": false,
      "fieldLength": 4
    },
    {
      "fieldIsRequired": false,
      "sourceName": "eligibility",
      "startPosition": 281,
      "fieldIndex": 32,
      "fieldName": "subgroup_id",
      "fieldType": "String",
      "fieldIsKeyPart": false,
      "fieldLength": 4
    },
    {
      "fieldIsRequired": false,
      "sourceName": "eligibility",
      "startPosition": 285,
      "fieldIndex": 33,
      "fieldName": "member_id",
      "fieldType": "String",
      "fieldIsKeyPart": false,
      "fieldLength": 28
    },
    {
      "fieldIsRequired": false,
      "sourceName": "eligibility",
      "startPosition": 313,
      "fieldIndex": 34,
      "fieldName": "bcbsla_relationship_cd",
      "fieldType": "String",
      "fieldIsKeyPart": false,
      "fieldLength": 1
    },
    {
      "fieldIsRequired": false,
      "sourceName": "eligibility",
      "startPosition": 314,
      "fieldIndex": 35,
      "fieldName": "bcbsla_marital_cd",
      "fieldType": "String",
      "fieldIsKeyPart": false,
      "fieldLength": 1
    },
    {
      "fieldIsRequired": false,
      "sourceName": "eligibility",
      "startPosition": 315,
      "fieldIndex": 36,
      "fieldName": "mem_elig_start_dt",
      "fieldType": "DateTime",
      "fieldIsKeyPart": false,
      "fieldLength": 10
    },
    {
      "fieldIsRequired": false,
      "sourceName": "eligibility",
      "startPosition": 325,
      "fieldIndex": 37,
      "fieldName": "mem_elig_end_dt",
      "fieldType": "DateTime",
      "fieldIsKeyPart": false,
      "fieldLength": 10
    },
    {
      "fieldIsRequired": false,
      "sourceName": "eligibility",
      "startPosition": 335,
      "fieldIndex": 38,
      "fieldName": "county_cd",
      "fieldType": "String",
      "fieldIsKeyPart": false,
      "fieldLength": 2
    },
    {
      "fieldIsRequired": false,
      "sourceName": "eligibility",
      "startPosition": 337,
      "fieldIndex": 39,
      "fieldName": "state",
      "fieldType": "String",
      "fieldIsKeyPart": false,
      "fieldLength": 2
    },
    {
      "fieldIsRequired": false,
      "sourceName": "eligibility",
      "startPosition": 339,
      "fieldIndex": 40,
      "fieldName": "lob_key",
      "fieldType": "String",
      "fieldIsKeyPart": false,
      "fieldLength": 5
    },
    {
      "fieldIsRequired": false,
      "sourceName": "eligibility",
      "startPosition": 344,
      "fieldIndex": 41,
      "fieldName": "erp_key",
      "fieldType": "String",
      "fieldIsKeyPart": false,
      "fieldLength": 7
    },
    {
      "fieldIsRequired": false,
      "sourceName": "eligibility",
      "startPosition": 351,
      "fieldIndex": 42,
      "fieldName": "its_flg",
      "fieldType": "String",
      "fieldIsKeyPart": false,
      "fieldLength": 1
    },
    {
      "fieldIsRequired": false,
      "sourceName": "eligibility",
      "startPosition": 352,
      "fieldIndex": 43,
      "fieldName": "record_type",
      "fieldType": "String",
      "fieldIsKeyPart": false,
      "fieldLength": 1
    },
    {
      "fieldIsRequired": false,
      "sourceName": "eligibility",
      "startPosition": 353,
      "fieldIndex": 44,
      "fieldName": "ssn",
      "fieldType": "String",
      "fieldIsKeyPart": false,
      "fieldLength": 9
    },
    {
      "fieldIsRequired": false,
      "sourceName": "eligibility",
      "startPosition": 362,
      "fieldIndex": 45,
      "fieldName": "comm_cov_ind",
      "fieldType": "String",
      "fieldIsKeyPart": false,
      "fieldLength": 1
    },
    {
      "fieldIsRequired": false,
      "sourceName": "eligibility",
      "startPosition": 363,
      "fieldIndex": 46,
      "fieldName": "govt_cov_ind",
      "fieldType": "String",
      "fieldIsKeyPart": false,
      "fieldLength": 1
    },
    {
      "fieldIsRequired": false,
      "sourceName": "eligibility",
      "startPosition": 364,
      "fieldIndex": 47,
      "fieldName": "policy_eff_dt",
      "fieldType": "DateTime",
      "fieldIsKeyPart": false,
      "fieldLength": 10
    },
    {
      "fieldIsRequired": false,
      "sourceName": "eligibility",
      "startPosition": 374,
      "fieldIndex": 48,
      "fieldName": "group_name",
      "fieldType": "String",
      "fieldIsKeyPart": false,
      "fieldLength": 50
    },
    {
      "fieldIsRequired": false,
      "sourceName": "eligibility",
      "startPosition": 424,
      "fieldIndex": 49,
      "fieldName": "group_cnt",
      "fieldType": "Double",
      "fieldIsKeyPart": false,
      "fieldLength": 5
    },
    {
      "fieldIsRequired": false,
      "sourceName": "eligibility",
      "startPosition": 429,
      "fieldIndex": 50,
      "fieldName": "group_phone",
      "fieldType": "String",
      "fieldIsKeyPart": false,
      "fieldLength": 20
    },
    {
      "fieldIsRequired": false,
      "sourceName": "eligibility",
      "startPosition": 449,
      "fieldIndex": 51,
      "fieldName": "product_typ",
      "fieldType": "String",
      "fieldIsKeyPart": false,
      "fieldLength": 8
    },
    {
      "fieldIsRequired": false,
      "sourceName": "eligibility",
      "startPosition": 457,
      "fieldIndex": 52,
      "fieldName": "benefit_lvl",
      "fieldType": "String",
      "fieldIsKeyPart": false,
      "fieldLength": 50
    },
    {
      "fieldIsRequired": false,
      "sourceName": "eligibility",
      "startPosition": 507,
      "fieldIndex": 53,
      "fieldName": "cov_lvl",
      "fieldType": "String",
      "fieldIsKeyPart": false,
      "fieldLength": 1
    },
    {
      "fieldIsRequired": false,
      "sourceName": "eligibility",
      "startPosition": 508,
      "fieldIndex": 54,
      "fieldName": "plan_typ",
      "fieldType": "String",
      "fieldIsKeyPart": false,
      "fieldLength": 50
    },
    {
      "fieldIsRequired": false,
      "sourceName": "eligibility",
      "startPosition": 558,
      "fieldIndex": 55,
      "fieldName": "funding_typ",
      "fieldType": "String",
      "fieldIsKeyPart": false,
      "fieldLength": 50
    },
    {
      "fieldIsRequired": false,
      "sourceName": "eligibility",
      "startPosition": 608,
      "fieldIndex": 56,
      "fieldName": "cobra_ind",
      "fieldType": "String",
      "fieldIsKeyPart": false,
      "fieldLength": 4
    },
    {
      "fieldIsRequired": false,
      "sourceName": "eligibility",
      "startPosition": 612,
      "fieldIndex": 57,
      "fieldName": "cobra_eff_dt",
      "fieldType": "DateTime",
      "fieldIsKeyPart": false,
      "fieldLength": 10
    },
    {
      "fieldIsRequired": false,
      "sourceName": "eligibility",
      "startPosition": 622,
      "fieldIndex": 58,
      "fieldName": "cobra_exp_dt",
      "fieldType": "DateTime",
      "fieldIsKeyPart": false,
      "fieldLength": 10
    },
    {
      "fieldIsRequired": false,
      "sourceName": "eligibility",
      "startPosition": 632,
      "fieldIndex": 59,
      "fieldName": "employ_sts",
      "fieldType": "String",
      "fieldIsKeyPart": false,
      "fieldLength": 4
    },
    {
      "fieldIsRequired": false,
      "sourceName": "eligibility",
      "startPosition": 636,
      "fieldIndex": 60,
      "fieldName": "retiree_ind",
      "fieldType": "String",
      "fieldIsKeyPart": false,
      "fieldLength": 4
    },
    {
      "fieldIsRequired": false,
      "sourceName": "eligibility",
      "startPosition": 640,
      "fieldIndex": 61,
      "fieldName": "retiree_eff_dt",
      "fieldType": "DateTime",
      "fieldIsKeyPart": false,
      "fieldLength": 10
    },
    {
      "fieldIsRequired": false,
      "sourceName": "eligibility",
      "startPosition": 650,
      "fieldIndex": 62,
      "fieldName": "retiree_exp_dt",
      "fieldType": "DateTime",
      "fieldIsKeyPart": false,
      "fieldLength": 10
    },
    {
      "fieldIsRequired": false,
      "sourceName": "eligibility",
      "startPosition": 660,
      "fieldIndex": 63,
      "fieldName": "cob_mem_no",
      "fieldType": "String",
      "fieldIsKeyPart": false,
      "fieldLength": 25
    },
    {
      "fieldIsRequired": false,
      "sourceName": "eligibility",
      "startPosition": 685,
      "fieldIndex": 64,
      "fieldName": "cob_pyr_name",
      "fieldType": "String",
      "fieldIsKeyPart": false,
      "fieldLength": 50
    },
    {
      "fieldIsRequired": false,
      "sourceName": "eligibility",
      "startPosition": 735,
      "fieldIndex": 65,
      "fieldName": "cob_primacy_ind",
      "fieldType": "String",
      "fieldIsKeyPart": false,
      "fieldLength": 1
    },
    {
      "fieldIsRequired": false,
      "sourceName": "eligibility",
      "startPosition": 736,
      "fieldIndex": 66,
      "fieldName": "cob_dt_verify",
      "fieldType": "DateTime",
      "fieldIsKeyPart": false,
      "fieldLength": 10
    },
    {
      "fieldIsRequired": false,
      "sourceName": "eligibility",
      "startPosition": 746,
      "fieldIndex": 67,
      "fieldName": "govt_med_no",
      "fieldType": "String",
      "fieldIsKeyPart": false,
      "fieldLength": 12
    },
    {
      "fieldIsRequired": false,
      "sourceName": "eligibility",
      "startPosition": 758,
      "fieldIndex": 68,
      "fieldName": "medicare_part_a_ind",
      "fieldType": "String",
      "fieldIsKeyPart": false,
      "fieldLength": 4
    },
    {
      "fieldIsRequired": false,
      "sourceName": "eligibility",
      "startPosition": 762,
      "fieldIndex": 69,
      "fieldName": "medicare_part_b_ind",
      "fieldType": "String",
      "fieldIsKeyPart": false,
      "fieldLength": 4
    },
    {
      "fieldIsRequired": false,
      "sourceName": "eligibility",
      "startPosition": 766,
      "fieldIndex": 70,
      "fieldName": "medicare_part_d_ind",
      "fieldType": "String",
      "fieldIsKeyPart": false,
      "fieldLength": 4
    },
    {
      "fieldIsRequired": false,
      "sourceName": "eligibility",
      "startPosition": 770,
      "fieldIndex": 71,
      "fieldName": "govt_primacy_ind",
      "fieldType": "String",
      "fieldIsKeyPart": false,
      "fieldLength": 1
    },
    {
      "fieldIsRequired": false,
      "sourceName": "eligibility",
      "startPosition": 771,
      "fieldIndex": 72,
      "fieldName": "govt_dt_verify",
      "fieldType": "DateTime",
      "fieldIsKeyPart": false,
      "fieldLength": 10
    },
    {
      "fieldIsRequired": false,
      "sourceName": "eligibility",
      "startPosition": 781,
      "fieldIndex": 73,
      "fieldName": "medicare_ent_rsn",
      "fieldType": "String",
      "fieldIsKeyPart": false,
      "fieldLength": 4
    },
    {
      "fieldIsRequired": false,
      "sourceName": "eligibility",
      "startPosition": 785,
      "fieldIndex": 74,
      "fieldName": "medicaid_no",
      "fieldType": "String",
      "fieldIsKeyPart": false,
      "fieldLength": 20
    },
    {
      "fieldIsRequired": false,
      "sourceName": "eligibility",
      "startPosition": 805,
      "fieldIndex": 75,
      "fieldName": "cob_eff_dt",
      "fieldType": "DateTime",
      "fieldIsKeyPart": false,
      "fieldLength": 10
    },
    {
      "fieldIsRequired": false,
      "sourceName": "eligibility",
      "startPosition": 815,
      "fieldIndex": 76,
      "fieldName": "cob_exp_dt",
      "fieldType": "DateTime",
      "fieldIsKeyPart": false,
      "fieldLength": 10
    },
    {
      "fieldIsRequired": false,
      "sourceName": "eligibility",
      "startPosition": 825,
      "fieldIndex": 77,
      "fieldName": "seea_aproval",
      "fieldType": "String",
      "fieldIsKeyPart": false,
      "fieldLength": 4
    },
    {
      "fieldIsRequired": false,
      "sourceName": "eligibility",
      "startPosition": 829,
      "fieldIndex": 78,
      "fieldName": "seea_eff_dt",
      "fieldType": "DateTime",
      "fieldIsKeyPart": false,
      "fieldLength": 10
    }
  ]
}