{
  "lineLength": 350,
  "endOfRecord": "0D0A",
  "sourceName": "erp_product_cd",
  "hasTrailer": true,
  "hasHeader": true,
  "fixedLengthFields": [
    {
      "fieldIsRequired": false,
      "sourceName": "erp_product_cd",
      "startPosition": 1,
      "fieldIndex": 1,
      "fieldName": "erp_key",
      "fieldType": "String",
      "fieldIsKeyPart": false,
      "fieldLength": 7
    },
    {
      "fieldIsRequired": false,
      "sourceName": "erp_product_cd",
      "startPosition": 8,
      "fieldIndex": 2,
      "fieldName": "erp_product_code",
      "fieldType": "String",
      "fieldIsKeyPart": false,
      "fieldLength": 5
    },
    {
      "fieldIsRequired": false,
      "sourceName": "erp_product_cd",
      "startPosition": 13,
      "fieldIndex": 3,
      "fieldName": "erp_product_description",
      "fieldType": "String",
      "fieldIsKeyPart": false,
      "fieldLength": 30
    },
    {
      "fieldIsRequired": false,
      "sourceName": "erp_product_cd",
      "startPosition": 43,
      "fieldIndex": 4,
      "fieldName": "company",
      "fieldType": "String",
      "fieldIsKeyPart": false,
      "fieldLength": 12
    },
    {
      "fieldIsRequired": false,
      "sourceName": "erp_product_cd",
      "startPosition": 55,
      "fieldIndex": 5,
      "fieldName": "actuarial_product_code",
      "fieldType": "String",
      "fieldIsKeyPart": false,
      "fieldLength": 2
    },
    {
      "fieldIsRequired": false,
      "sourceName": "erp_product_cd",
      "startPosition": 57,
      "fieldIndex": 6,
      "fieldName": "actuarial_product_description",
      "fieldType": "String",
      "fieldIsKeyPart": false,
      "fieldLength": 30
    },
    {
      "fieldIsRequired": false,
      "sourceName": "erp_product_cd",
      "startPosition": 87,
      "fieldIndex": 7,
      "fieldName": "actuarial_product_type",
      "fieldType": "String",
      "fieldIsKeyPart": false,
      "fieldLength": 12
    },
    {
      "fieldIsRequired": false,
      "sourceName": "erp_product_cd",
      "startPosition": 99,
      "fieldIndex": 8,
      "fieldName": "filler",
      "fieldType": "String",
      "fieldIsKeyPart": false,
      "fieldLength": 251
    },
    {
      "fieldIsRequired": false,
      "sourceName": "erp_product_cd",
      "startPosition": 350,
      "fieldIndex": 9,
      "fieldName": "record_type",
      "fieldType": "String",
      "fieldIsKeyPart": false,
      "fieldLength": 1
    }
  ]
}