{
  "lineLength": 350,
  "endOfRecord": "0D0A",
  "sourceName": "lob_cd",
  "hasTrailer": true,
  "hasHeader": true,
  "fixedLengthFields": [
    {
      "fieldIsRequired": false,
      "sourceName": "lob_cd",
      "startPosition": 1,
      "fieldIndex": 1,
      "fieldName": "lob_key",
      "fieldType": "String",
      "fieldIsKeyPart": false,
      "fieldLength": 5
    },
    {
      "fieldIsRequired": false,
      "sourceName": "lob_cd",
      "startPosition": 6,
      "fieldIndex": 2,
      "fieldName": "erp_lob_cd",
      "fieldType": "String",
      "fieldIsKeyPart": false,
      "fieldLength": 3
    },
    {
      "fieldIsRequired": false,
      "sourceName": "lob_cd",
      "startPosition": 9,
      "fieldIndex": 3,
      "fieldName": "erp_lob_description",
      "fieldType": "String",
      "fieldIsKeyPart": false,
      "fieldLength": 30
    },
    {
      "fieldIsRequired": false,
      "sourceName": "lob_cd",
      "startPosition": 39,
      "fieldIndex": 4,
      "fieldName": "lob_cd",
      "fieldType": "String",
      "fieldIsKeyPart": false,
      "fieldLength": 2
    },
    {
      "fieldIsRequired": false,
      "sourceName": "lob_cd",
      "startPosition": 41,
      "fieldIndex": 5,
      "fieldName": "lob_description",
      "fieldType": "String",
      "fieldIsKeyPart": false,
      "fieldLength": 30
    },
    {
      "fieldIsRequired": false,
      "sourceName": "lob_cd",
      "startPosition": 71,
      "fieldIndex": 6,
      "fieldName": "block_of_business",
      "fieldType": "String",
      "fieldIsKeyPart": false,
      "fieldLength": 20
    },
    {
      "fieldIsRequired": false,
      "sourceName": "lob_cd",
      "startPosition": 91,
      "fieldIndex": 7,
      "fieldName": "filler",
      "fieldType": "String",
      "fieldIsKeyPart": false,
      "fieldLength": 259
    },
    {
      "fieldIsRequired": false,
      "sourceName": "lob_cd",
      "startPosition": 350,
      "fieldIndex": 8,
      "fieldName": "record_type",
      "fieldType": "String",
      "fieldIsKeyPart": false,
      "fieldLength": 1
    }
  ]
}