{
  "lineLength": 350,
  "endOfRecord": "0D0A",
  "sourceName": "network_id_cd",
  "hasTrailer": true,
  "hasHeader": true,
  "fixedLengthFields": [
    {
      "fieldIsRequired": false,
      "sourceName": "network_id_cd",
      "startPosition": 1,
      "fieldIndex": 1,
      "fieldName": "prefix_id",
      "fieldType": "String",
      "fieldIsKeyPart": false,
      "fieldLength": 3
    },
    {
      "fieldIsRequired": false,
      "sourceName": "network_id_cd",
      "startPosition": 4,
      "fieldIndex": 2,
      "fieldName": "plan_full_name",
      "fieldType": "String",
      "fieldIsKeyPart": false,
      "fieldLength": 346
    },
    {
      "fieldIsRequired": false,
      "sourceName": "network_id_cd",
      "startPosition": 350,
      "fieldIndex": 3,
      "fieldName": "record_type",
      "fieldType": "String",
      "fieldIsKeyPart": false,
      "fieldLength": 1
    }
  ]
}