{
  "lineLength": 550,
  "endOfRecord": "0D0A",
  "sourceName": "plan_detail_cd",
  "hasTrailer": true,
  "hasHeader": true,
  "fixedLengthFields": [
    {
      "fieldIsRequired": false,
      "sourceName": "plan_detail_cd",
      "startPosition": 1,
      "fieldIndex": 1,
      "fieldName": "plan_key",
      "fieldType": "String",
      "fieldIsKeyPart": false,
      "fieldLength": 28
    },
    {
      "fieldIsRequired": false,
      "sourceName": "plan_detail_cd",
      "startPosition": 29,
      "fieldIndex": 2,
      "fieldName": "plan_id",
      "fieldType": "String",
      "fieldIsKeyPart": false,
      "fieldLength": 8
    },
    {
      "fieldIsRequired": false,
      "sourceName": "plan_detail_cd",
      "startPosition": 37,
      "fieldIndex": 3,
      "fieldName": "plan_description",
      "fieldType": "String",
      "fieldIsKeyPart": false,
      "fieldLength": 70
    },
    {
      "fieldIsRequired": false,
      "sourceName": "plan_detail_cd",
      "startPosition": 107,
      "fieldIndex": 4,
      "fieldName": "class_id",
      "fieldType": "String",
      "fieldIsKeyPart": false,
      "fieldLength": 4
    },
    {
      "fieldIsRequired": false,
      "sourceName": "plan_detail_cd",
      "startPosition": 111,
      "fieldIndex": 5,
      "fieldName": "class_description",
      "fieldType": "String",
      "fieldIsKeyPart": false,
      "fieldLength": 70
    },
    {
      "fieldIsRequired": false,
      "sourceName": "plan_detail_cd",
      "startPosition": 181,
      "fieldIndex": 6,
      "fieldName": "product_id",
      "fieldType": "String",
      "fieldIsKeyPart": false,
      "fieldLength": 8
    },
    {
      "fieldIsRequired": false,
      "sourceName": "plan_detail_cd",
      "startPosition": 189,
      "fieldIndex": 7,
      "fieldName": "product_description",
      "fieldType": "String",
      "fieldIsKeyPart": false,
      "fieldLength": 70
    },
    {
      "fieldIsRequired": false,
      "sourceName": "plan_detail_cd",
      "startPosition": 259,
      "fieldIndex": 8,
      "fieldName": "lobd_id",
      "fieldType": "String",
      "fieldIsKeyPart": false,
      "fieldLength": 4
    },
    {
      "fieldIsRequired": false,
      "sourceName": "plan_detail_cd",
      "startPosition": 263,
      "fieldIndex": 9,
      "fieldName": "product_category",
      "fieldType": "String",
      "fieldIsKeyPart": false,
      "fieldLength": 1
    },
    {
      "fieldIsRequired": false,
      "sourceName": "plan_detail_cd",
      "startPosition": 264,
      "fieldIndex": 10,
      "fieldName": "product_category_description",
      "fieldType": "String",
      "fieldIsKeyPart": false,
      "fieldLength": 70
    },
    {
      "fieldIsRequired": false,
      "sourceName": "plan_detail_cd",
      "startPosition": 334,
      "fieldIndex": 11,
      "fieldName": "plan_its_prefix",
      "fieldType": "String",
      "fieldIsKeyPart": false,
      "fieldLength": 3
    },
    {
      "fieldIsRequired": false,
      "sourceName": "plan_detail_cd",
      "startPosition": 337,
      "fieldIndex": 12,
      "fieldName": "erp_key",
      "fieldType": "String",
      "fieldIsKeyPart": false,
      "fieldLength": 7
    },
    {
      "fieldIsRequired": false,
      "sourceName": "plan_detail_cd",
      "startPosition": 344,
      "fieldIndex": 13,
      "fieldName": "hios_product_id",
      "fieldType": "String",
      "fieldIsKeyPart": false,
      "fieldLength": 10
    },
    {
      "fieldIsRequired": false,
      "sourceName": "plan_detail_cd",
      "startPosition": 354,
      "fieldIndex": 14,
      "fieldName": "hios_plan_id",
      "fieldType": "String",
      "fieldIsKeyPart": false,
      "fieldLength": 14
    },
    {
      "fieldIsRequired": false,
      "sourceName": "plan_detail_cd",
      "startPosition": 368,
      "fieldIndex": 15,
      "fieldName": "hios_plan_ext",
      "fieldType": "String",
      "fieldIsKeyPart": false,
      "fieldLength": 2
    },
    {
      "fieldIsRequired": false,
      "sourceName": "plan_detail_cd",
      "startPosition": 370,
      "fieldIndex": 16,
      "fieldName": "hios_plan_ext_description",
      "fieldType": "String",
      "fieldIsKeyPart": false,
      "fieldLength": 25
    },
    {
      "fieldIsRequired": false,
      "sourceName": "plan_detail_cd",
      "startPosition": 395,
      "fieldIndex": 17,
      "fieldName": "exchange_indicator",
      "fieldType": "String",
      "fieldIsKeyPart": false,
      "fieldLength": 1
    },
    {
      "fieldIsRequired": false,
      "sourceName": "plan_detail_cd",
      "startPosition": 396,
      "fieldIndex": 18,
      "fieldName": "qhp_indicator",
      "fieldType": "String",
      "fieldIsKeyPart": false,
      "fieldLength": 1
    },
    {
      "fieldIsRequired": false,
      "sourceName": "plan_detail_cd",
      "startPosition": 397,
      "fieldIndex": 19,
      "fieldName": "subsidized_indicator",
      "fieldType": "String",
      "fieldIsKeyPart": false,
      "fieldLength": 1
    },
    {
      "fieldIsRequired": false,
      "sourceName": "plan_detail_cd",
      "startPosition": 398,
      "fieldIndex": 20,
      "fieldName": "grandfathered_description",
      "fieldType": "String",
      "fieldIsKeyPart": false,
      "fieldLength": 25
    },
    {
      "fieldIsRequired": false,
      "sourceName": "plan_detail_cd",
      "startPosition": 423,
      "fieldIndex": 21,
      "fieldName": "metal_level_description",
      "fieldType": "String",
      "fieldIsKeyPart": false,
      "fieldLength": 25
    },
    {
      "fieldIsRequired": false,
      "sourceName": "plan_detail_cd",
      "startPosition": 448,
      "fieldIndex": 22,
      "fieldName": "copay_description",
      "fieldType": "String",
      "fieldIsKeyPart": false,
      "fieldLength": 25
    },
    {
      "fieldIsRequired": false,
      "sourceName": "plan_detail_cd",
      "startPosition": 473,
      "fieldIndex": 23,
      "fieldName": "filler",
      "fieldType": "String",
      "fieldIsKeyPart": false,
      "fieldLength": 77
    },
    {
      "fieldIsRequired": false,
      "sourceName": "plan_detail_cd",
      "startPosition": 550,
      "fieldIndex": 24,
      "fieldName": "record_type",
      "fieldType": "String",
      "fieldIsKeyPart": false,
      "fieldLength": 1
    }
  ]
}