{
  "lineLength": 350,
  "endOfRecord": "0D0A",
  "sourceName": "prov_specialty_cd",
  "hasTrailer": true,
  "hasHeader": true,
  "fixedLengthFields": [
    {
      "fieldIsRequired": false,
      "sourceName": "prov_specialty_cd",
      "startPosition": 1,
      "fieldIndex": 1,
      "fieldName": "provider_specialty_code",
      "fieldType": "String",
      "fieldIsKeyPart": false,
      "fieldLength": 8
    },
    {
      "fieldIsRequired": false,
      "sourceName": "prov_specialty_cd",
      "startPosition": 9,
      "fieldIndex": 2,
      "fieldName": "provider_specialty_code_desc",
      "fieldType": "String",
      "fieldIsKeyPart": false,
      "fieldLength": 341
    },
    {
      "fieldIsRequired": false,
      "sourceName": "prov_specialty_cd",
      "startPosition": 350,
      "fieldIndex": 3,
      "fieldName": "record_type",
      "fieldType": "String",
      "fieldIsKeyPart": false,
      "fieldLength": 1
    }
  ]
}