{
  "lineLength": 834,
  "endOfRecord": "0D0A",
  "sourceName": "provider",
  "hasTrailer": true,
  "hasHeader": true,
  "fixedLengthFields": [
    {
      "fieldIsRequired": false,
      "sourceName": "provider",
      "startPosition": 1,
      "fieldIndex": 1,
      "fieldName": "provider_id",
      "fieldType": "String",
      "fieldIsKeyPart": false,
      "fieldLength": 20
    },
    {
      "fieldIsRequired": false,
      "sourceName": "provider",
      "startPosition": 21,
      "fieldIndex": 2,
      "fieldName": "tin",
      "fieldType": "String",
      "fieldIsKeyPart": false,
      "fieldLength": 9
    },
    {
      "fieldIsRequired": false,
      "sourceName": "provider",
      "startPosition": 30,
      "fieldIndex": 3,
      "fieldName": "provider_name",
      "fieldType": "String",
      "fieldIsKeyPart": false,
      "fieldLength": 55
    },
    {
      "fieldIsRequired": false,
      "sourceName": "provider",
      "startPosition": 85,
      "fieldIndex": 4,
      "fieldName": "npi_Double",
      "fieldType": "String",
      "fieldIsKeyPart": false,
      "fieldLength": 10
    },
    {
      "fieldIsRequired": false,
      "sourceName": "provider",
      "startPosition": 95,
      "fieldIndex": 5,
      "fieldName": "zip_code",
      "fieldType": "Double",
      "fieldIsKeyPart": false,
      "fieldLength": 5
    },
    {
      "fieldIsRequired": false,
      "sourceName": "provider",
      "startPosition": 100,
      "fieldIndex": 6,
      "fieldName": "address_1",
      "fieldType": "String",
      "fieldIsKeyPart": false,
      "fieldLength": 80
    },
    {
      "fieldIsRequired": false,
      "sourceName": "provider",
      "startPosition": 180,
      "fieldIndex": 7,
      "fieldName": "address_2",
      "fieldType": "String",
      "fieldIsKeyPart": false,
      "fieldLength": 80
    },
    {
      "fieldIsRequired": false,
      "sourceName": "provider",
      "startPosition": 260,
      "fieldIndex": 8,
      "fieldName": "fax_Double",
      "fieldType": "String",
      "fieldIsKeyPart": false,
      "fieldLength": 24
    },
    {
      "fieldIsRequired": false,
      "sourceName": "provider",
      "startPosition": 284,
      "fieldIndex": 9,
      "fieldName": "phone_Double",
      "fieldType": "String",
      "fieldIsKeyPart": false,
      "fieldLength": 24
    },
    {
      "fieldIsRequired": false,
      "sourceName": "provider",
      "startPosition": 308,
      "fieldIndex": 10,
      "fieldName": "rx_privilege_ind",
      "fieldType": "String",
      "fieldIsKeyPart": false,
      "fieldLength": 1
    },
    {
      "fieldIsRequired": false,
      "sourceName": "provider",
      "startPosition": 309,
      "fieldIndex": 11,
      "fieldName": "category_code",
      "fieldType": "String",
      "fieldIsKeyPart": false,
      "fieldLength": 1
    },
    {
      "fieldIsRequired": false,
      "sourceName": "provider",
      "startPosition": 310,
      "fieldIndex": 12,
      "fieldName": "provider_gentype",
      "fieldType": "String",
      "fieldIsKeyPart": false,
      "fieldLength": 8
    },
    {
      "fieldIsRequired": false,
      "sourceName": "provider",
      "startPosition": 318,
      "fieldIndex": 13,
      "fieldName": "specialty_code_1",
      "fieldType": "String",
      "fieldIsKeyPart": false,
      "fieldLength": 8
    },
    {
      "fieldIsRequired": false,
      "sourceName": "provider",
      "startPosition": 326,
      "fieldIndex": 14,
      "fieldName": "specialty_code_2",
      "fieldType": "String",
      "fieldIsKeyPart": false,
      "fieldLength": 8
    },
    {
      "fieldIsRequired": false,
      "sourceName": "provider",
      "startPosition": 334,
      "fieldIndex": 15,
      "fieldName": "practitioner_id",
      "fieldType": "String",
      "fieldIsKeyPart": false,
      "fieldLength": 12
    },
    {
      "fieldIsRequired": false,
      "sourceName": "provider",
      "startPosition": 346,
      "fieldIndex": 16,
      "fieldName": "city",
      "fieldType": "String",
      "fieldIsKeyPart": false,
      "fieldLength": 25
    },
    {
      "fieldIsRequired": false,
      "sourceName": "provider",
      "startPosition": 371,
      "fieldIndex": 17,
      "fieldName": "county_code",
      "fieldType": "Double",
      "fieldIsKeyPart": false,
      "fieldLength": 2
    },
    {
      "fieldIsRequired": false,
      "sourceName": "provider",
      "startPosition": 373,
      "fieldIndex": 18,
      "fieldName": "state",
      "fieldType": "String",
      "fieldIsKeyPart": false,
      "fieldLength": 2
    },
    {
      "fieldIsRequired": false,
      "sourceName": "provider",
      "startPosition": 375,
      "fieldIndex": 19,
      "fieldName": "its_indicator",
      "fieldType": "String",
      "fieldIsKeyPart": false,
      "fieldLength": 1
    },
    {
      "fieldIsRequired": false,
      "sourceName": "provider",
      "startPosition": 376,
      "fieldIndex": 20,
      "fieldName": "active_indicator",
      "fieldType": "String",
      "fieldIsKeyPart": false,
      "fieldLength": 1
    },
    {
      "fieldIsRequired": false,
      "sourceName": "provider",
      "startPosition": 377,
      "fieldIndex": 21,
      "fieldName": "network_no_network",
      "fieldType": "String",
      "fieldIsKeyPart": false,
      "fieldLength": 1
    },
    {
      "fieldIsRequired": false,
      "sourceName": "provider",
      "startPosition": 378,
      "fieldIndex": 22,
      "fieldName": "network_nonpar_hilvl",
      "fieldType": "String",
      "fieldIsKeyPart": false,
      "fieldLength": 1
    },
    {
      "fieldIsRequired": false,
      "sourceName": "provider",
      "startPosition": 379,
      "fieldIndex": 23,
      "fieldName": "network_ppo",
      "fieldType": "String",
      "fieldIsKeyPart": false,
      "fieldLength": 1
    },
    {
      "fieldIsRequired": false,
      "sourceName": "provider",
      "startPosition": 380,
      "fieldIndex": 24,
      "fieldName": "network_hmo",
      "fieldType": "String",
      "fieldIsKeyPart": false,
      "fieldLength": 1
    },
    {
      "fieldIsRequired": false,
      "sourceName": "provider",
      "startPosition": 381,
      "fieldIndex": 25,
      "fieldName": "network_bc",
      "fieldType": "String",
      "fieldIsKeyPart": false,
      "fieldLength": 1
    },
    {
      "fieldIsRequired": false,
      "sourceName": "provider",
      "startPosition": 382,
      "fieldIndex": 26,
      "fieldName": "network_cb",
      "fieldType": "String",
      "fieldIsKeyPart": false,
      "fieldLength": 1
    },
    {
      "fieldIsRequired": false,
      "sourceName": "provider",
      "startPosition": 383,
      "fieldIndex": 27,
      "fieldName": "network_medselect",
      "fieldType": "String",
      "fieldIsKeyPart": false,
      "fieldLength": 1
    },
    {
      "fieldIsRequired": false,
      "sourceName": "provider",
      "startPosition": 384,
      "fieldIndex": 28,
      "fieldName": "network_dental",
      "fieldType": "String",
      "fieldIsKeyPart": false,
      "fieldLength": 1
    },
    {
      "fieldIsRequired": false,
      "sourceName": "provider",
      "startPosition": 385,
      "fieldIndex": 29,
      "fieldName": "network_vision",
      "fieldType": "String",
      "fieldIsKeyPart": false,
      "fieldLength": 1
    },
    {
      "fieldIsRequired": false,
      "sourceName": "provider",
      "startPosition": 386,
      "fieldIndex": 30,
      "fieldName": "network_fep_mental_health",
      "fieldType": "String",
      "fieldIsKeyPart": false,
      "fieldLength": 1
    },
    {
      "fieldIsRequired": false,
      "sourceName": "provider",
      "startPosition": 387,
      "fieldIndex": 31,
      "fieldName": "network_its",
      "fieldType": "String",
      "fieldIsKeyPart": false,
      "fieldLength": 1
    },
    {
      "fieldIsRequired": false,
      "sourceName": "provider",
      "startPosition": 388,
      "fieldIndex": 32,
      "fieldName": "network_fep_dental",
      "fieldType": "String",
      "fieldIsKeyPart": false,
      "fieldLength": 1
    },
    {
      "fieldIsRequired": false,
      "sourceName": "provider",
      "startPosition": 389,
      "fieldIndex": 33,
      "fieldName": "source_system_id",
      "fieldType": "String",
      "fieldIsKeyPart": false,
      "fieldLength": 2
    },
    {
      "fieldIsRequired": false,
      "sourceName": "provider",
      "startPosition": 391,
      "fieldIndex": 34,
      "fieldName": "clinic_prpr_id",
      "fieldType": "String",
      "fieldIsKeyPart": false,
      "fieldLength": 20
    },
    {
      "fieldIsRequired": false,
      "sourceName": "provider",
      "startPosition": 411,
      "fieldIndex": 35,
      "fieldName": "clinic_tax_id",
      "fieldType": "String",
      "fieldIsKeyPart": false,
      "fieldLength": 9
    },
    {
      "fieldIsRequired": false,
      "sourceName": "provider",
      "startPosition": 420,
      "fieldIndex": 36,
      "fieldName": "clinic_name",
      "fieldType": "String",
      "fieldIsKeyPart": false,
      "fieldLength": 55
    },
    {
      "fieldIsRequired": false,
      "sourceName": "provider",
      "startPosition": 475,
      "fieldIndex": 37,
      "fieldName": "business_entity_name",
      "fieldType": "String",
      "fieldIsKeyPart": false,
      "fieldLength": 55
    },
    {
      "fieldIsRequired": false,
      "sourceName": "provider",
      "startPosition": 530,
      "fieldIndex": 38,
      "fieldName": "qb_prpr_id",
      "fieldType": "String",
      "fieldIsKeyPart": false,
      "fieldLength": 20
    },
    {
      "fieldIsRequired": false,
      "sourceName": "provider",
      "startPosition": 550,
      "fieldIndex": 39,
      "fieldName": "qb_effective_dt",
      "fieldType": "DateTime",
      "fieldIsKeyPart": false,
      "fieldLength": 10
    },
    {
      "fieldIsRequired": false,
      "sourceName": "provider",
      "startPosition": 560,
      "fieldIndex": 40,
      "fieldName": "qbpc_indicator",
      "fieldType": "String",
      "fieldIsKeyPart": false,
      "fieldLength": 1
    },
    {
      "fieldIsRequired": false,
      "sourceName": "provider",
      "startPosition": 561,
      "fieldIndex": 41,
      "fieldName": "qbvp_indicator",
      "fieldType": "String",
      "fieldIsKeyPart": false,
      "fieldLength": 1
    },
    {
      "fieldIsRequired": false,
      "sourceName": "provider",
      "startPosition": 562,
      "fieldIndex": 42,
      "fieldName": "record_type",
      "fieldType": "String",
      "fieldIsKeyPart": false,
      "fieldLength": 1
    },
    {
      "fieldIsRequired": false,
      "sourceName": "provider",
      "startPosition": 563,
      "fieldIndex": 43,
      "fieldName": "prov_billing_address_1",
      "fieldType": "String",
      "fieldIsKeyPart": false,
      "fieldLength": 80
    },
    {
      "fieldIsRequired": false,
      "sourceName": "provider",
      "startPosition": 643,
      "fieldIndex": 44,
      "fieldName": "prov_billing_address_2",
      "fieldType": "String",
      "fieldIsKeyPart": false,
      "fieldLength": 80
    },
    {
      "fieldIsRequired": false,
      "sourceName": "provider",
      "startPosition": 723,
      "fieldIndex": 45,
      "fieldName": "prov_billing_address_3",
      "fieldType": "String",
      "fieldIsKeyPart": false,
      "fieldLength": 80
    },
    {
      "fieldIsRequired": false,
      "sourceName": "provider",
      "startPosition": 803,
      "fieldIndex": 46,
      "fieldName": "prov_billing_city",
      "fieldType": "String",
      "fieldIsKeyPart": false,
      "fieldLength": 25
    },
    {
      "fieldIsRequired": false,
      "sourceName": "provider",
      "startPosition": 828,
      "fieldIndex": 47,
      "fieldName": "prov_billing_state",
      "fieldType": "String",
      "fieldIsKeyPart": false,
      "fieldLength": 2
    },
    {
      "fieldIsRequired": false,
      "sourceName": "provider",
      "startPosition": 830,
      "fieldIndex": 48,
      "fieldName": "prov_billing_zipcode",
      "fieldType": "String",
      "fieldIsKeyPart": false,
      "fieldLength": 5
    }
  ]
}